year,tariff_index,china_tariff_index,row_tariff_index,china_tariff_coverage_pct
2015,1.53,1.4,1.5655776370055057,0.0
2016,1.58,1.4,1.6282702908027014,0.0
2017,1.49,1.4,1.5147842398892908,0.0
2018,1.63,6.79,0.23898577720380895,40.0
2019,2.87,7.98,1.7464475920729812,65.0
2020,2.89,5.99,2.1838658271198317,65.0
2021,2.83,8.98,1.4957678271518633,62.0
2022,3.05,9.0,1.8697370007710845,60.0
2023,2.61,9.0,1.5795963540673965,58.0
2024,3.06,9.0,2.138347494943006,55.0
