scenario,exporter,baseline_import_value,baseline_tariff,new_tariff,tariff_change,simulated_import_value,import_change_pct,market_share
baseline,US,13000000000.0,0.25,0.25,0.0,13000000000.0,0.0,27.083333333333332
baseline,Brazil,27000000000.0,0.03,0.03,0.0,27000000000.0,0.0,56.25
baseline,Argentina,8000000000.0,0.03,0.03,0.0,8000000000.0,0.0,16.666666666666664
reciprocal_tariff,US,13000000000.0,0.25,0.5,0.25,16708733981.413086,28.528722933946817,32.31317554094267
reciprocal_tariff,Brazil,27000000000.0,0.03,0.03,0.0,27000000000.0,0.0,52.215550296987075
reciprocal_tariff,Argentina,8000000000.0,0.03,0.03,0.0,8000000000.0,0.0,15.471274162070245
full_retaliation,US,13000000000.0,0.25,0.75,0.5,20417467962.82617,57.057445867893634,36.84301848024189
full_retaliation,Brazil,27000000000.0,0.03,0.03,0.0,27000000000.0,0.0,48.72110002952769
full_retaliation,Argentina,8000000000.0,0.03,0.03,0.0,8000000000.0,0.0,14.435881490230425
