policy,segment,baseline_self_sufficiency_pct,self_sufficiency_pct,delta_self_sufficiency_pct,cost_index,security_index,efficiency_security_ratio
Policy_A_subsidy_only,high,25.0,24.99301753832889,-0.006982461671111162,10,24.99301753832889,2.4993015039027386
Policy_A_subsidy_only,mid,25.0,24.99301753832889,-0.006982461671111162,10,24.99301753832889,2.4993015039027386
Policy_A_subsidy_only,low,25.0,24.99301753832889,-0.006982461671111162,10,24.99301753832889,2.4993015039027386
Policy_B_tariff_only,high,25.0,25.0,0.0,25,25.0,0.9999999600000016
Policy_B_tariff_only,mid,25.0,25.0,0.0,25,25.0,0.9999999600000016
Policy_B_tariff_only,low,25.0,25.0,0.0,25,25.0,0.9999999600000016
Policy_C_comprehensive,high,25.0,24.99301753832889,-0.006982461671111162,35,29.99301753832889,0.8569433337538731
Policy_C_comprehensive,mid,25.0,24.99301753832889,-0.006982461671111162,35,29.99301753832889,0.8569433337538731
Policy_C_comprehensive,low,25.0,24.99301753832889,-0.006982461671111162,35,29.99301753832889,0.8569433337538731
