target,mae,rmse,mape
import_quantity,2007653.875,2888072.2343542585,173.8683624267578
unit_price,117.8858642578125,136.62518584159363,22.061338424682617
