target,mae,rmse,mape,smape
import_quantity,2010852.125,2849717.581493296,447.93597412109375,97.87942504882812
unit_price,109.21417999267578,123.84681345567596,20.367231369018555,20.666852951049805
