target,mae,rmse,mape,smape
import_quantity,1807957.5,2525996.093260637,251.0945587158203,102.21695709228516
unit_price,98.69536590576172,114.58311410963877,18.385555267333984,18.557273864746094
