target,mae,rmse,mape,smape
import_quantity,1786594.125,2561892.1647251276,203.70428466796875,103.79202270507812
unit_price,102.79789733886719,116.68515246031733,19.09398651123047,19.292627334594727
