gdp_growth,industrial_production,manufacturing_va_share,manufacturing_employment_share
"{'rsquared': 0.3734540437336531, 'tariff_coef': -0.6114870191164306, 'tariff_pvalue': 0.06369323297509416, 'retaliation_coef': -0.008890716628447204, 'retaliation_pvalue': 0.9581113667767288}","{'rsquared': 0.6053449290836013, 'tariff_coef': -0.1258115285328687, 'tariff_pvalue': 0.7307017626030647, 'retaliation_coef': 0.6814725532249373, 'retaliation_pvalue': 0.010138990329886917}","{'rsquared': 0.210273984408204, 'tariff_coef': 0.01590426261469602, 'tariff_pvalue': 0.6084781783022359, 'retaliation_coef': 0.024742560264005897, 'retaliation_pvalue': 0.18862777862287533}","{'rsquared': 0.10934488363590533, 'tariff_coef': 0.025444490793950947, 'tariff_pvalue': 0.4379085372288789, 'retaliation_coef': 0.012801559925411876, 'retaliation_pvalue': 0.496830470697215}"
