gdp_growth,industrial_production,manufacturing_va_share,manufacturing_employment_share
"{'rsquared': 0.1147377419772837, 'tariff_coef': -1.0950607835389912, 'tariff_pvalue': 0.444875400246467, 'retaliation_coef': 0.3082481410762754, 'retaliation_pvalue': 0.39863833494169565}","{'rsquared': 0.5535759448672835, 'tariff_coef': -1.295672851110945, 'tariff_pvalue': 0.3638781279786191, 'retaliation_coef': 0.9388359518830214, 'retaliation_pvalue': 0.027485006312316825}","{'rsquared': 0.5784267221928965, 'tariff_coef': -0.21989643380297408, 'tariff_pvalue': 0.017875151503243616, 'retaliation_coef': 0.04011627270123097, 'retaliation_pvalue': 0.06237475525745347}","{'rsquared': 0.6145603630644765, 'tariff_coef': -0.23317774024935645, 'tariff_pvalue': 0.014166727588369916, 'retaliation_coef': 0.02578239768547763, 'retaliation_pvalue': 0.19999106696162824}"
