scenario,exporter,baseline_import_value,baseline_tariff,new_tariff,tariff_change,simulated_import_value,import_change_pct,market_share
baseline,Argentina,2082480281.0,0.03,0.03,0.0,2082480281.0,0.0,4.072254450412227
baseline,US,12600000000.0,0.13,0.13,0.0,12600000000.0,0.0,24.63908376148223
baseline,Brazil,36455784932.0,0.03,0.03,0.0,36455784932.0,0.0,71.28866178810554
reciprocal_tariff,Argentina,2082480281.0,0.03,0.03,0.0,2082480281.0,0.0,3.9695845865594457
reciprocal_tariff,US,12600000000.0,0.13,0.38,0.25,13922646894.806877,10.497197577832361,26.539086598791716
reciprocal_tariff,Brazil,36455784932.0,0.03,0.03,0.0,36455784932.0,0.0,69.49132881464884
full_retaliation,Argentina,2082480281.0,0.03,0.03,0.0,2082480281.0,0.0,3.8719644434441323
full_retaliation,US,12600000000.0,0.13,0.63,0.5,15245293789.613752,20.994395155664712,28.345639582670362
full_retaliation,Brazil,36455784932.0,0.03,0.03,0.0,36455784932.0,0.0,67.7823959738855
