scenario,exporter,baseline_import_value,baseline_tariff,new_tariff,tariff_change,simulated_import_quantity,simulated_import_value,import_change_pct,market_share,market_share_value
baseline,Argentina,2082480281.0,0.03,0.03,0.0,4101921.126,2144954689.43,-0.0,4.071413975037353,4.019221772323571
baseline,US,12600000000.0,0.13,0.13,0.0,22000000.0,13672999999.999998,-0.0,21.836379759492665,25.620503576970137
baseline,Brazil,36455784932.0,0.03,0.03,0.0,74647380.005,37549458479.96,-0.0,74.09220626546997,70.36027465070629
reciprocal_tariff,Argentina,2082480281.0,0.03,0.03,0.0,4101921.126,2144954689.43,-0.0,4.164054871706626,3.9219407126441146
reciprocal_tariff,US,12600000000.0,0.13,0.38,0.25,19758553.649473622,14996742219.950478,-10.18839250239262,20.057845837274485,27.420781501488268
reciprocal_tariff,Brazil,36455784932.0,0.03,0.03,0.0,74647380.005,37549458479.96,-0.0,75.77809929101889,68.65727778586762
full_retaliation,Argentina,2082480281.0,0.03,0.03,0.0,4101921.126,2144954689.43,-0.0,4.261009829804708,3.871864210652766
full_retaliation,US,12600000000.0,0.13,0.63,0.5,17517107.29894725,15704086693.506207,-20.37678500478523,18.196489912360647,28.347494485178654
full_retaliation,Brazil,36455784932.0,0.03,0.03,0.0,74647380.005,37549458479.96,-0.0,77.54250025783465,67.78064130416858
