year,segment,us_chip_output_billions,global_chip_demand_index
2020,high,20.0,100
2020,mid,30.0,100
2020,low,15.0,100
2021,high,20.8,105
2021,mid,31.200000000000003,105
2021,low,15.6,105
2022,high,21.6,110
2022,mid,32.400000000000006,110
2022,low,16.200000000000003,110
2023,high,22.4,115
2023,mid,33.6,115
2023,low,16.8,115
2024,high,23.2,120
2024,mid,34.8,120
2024,low,17.4,120
