random_forest,gradient_boosting
"{'tariff_index_total': 0.1326780589290155, 'gdp_growth': 0.05091585796258774, 'industrial_production': 0.040214035087973506, 'unemployment_rate': 0.06685496950124026, 'cpi': 0.002210526315803637, 'dollar_index': 0.11243036701803172, 'treasury_yield_10y': 0.10849452877973531, 'sp500_index': 0.01698099415223376, 'crypto_index': 0.0402820512821786, 'retaliation_index': 0.03120107526871016, 'tariff_index_total_lag1': 0.05684396497800366, 'tariff_index_total_lag2': 0.035412509251173264, 'retaliation_index_lag1': 0.002456140350970574, 'retaliation_index_lag2': 0.006564199873564925, 'gdp_growth_lag1': 0.1530221024843295, 'gdp_growth_lag2': 0.08529297385592033, 'tariff_retaliation_interaction': 0.05814564490852756}","{'tariff_index_total': 0.5656821214800575, 'gdp_growth': 0.001380725265323069, 'industrial_production': 0.007834110215590457, 'unemployment_rate': 0.02780222698965407, 'cpi': 0.0, 'dollar_index': 0.051582441493891795, 'treasury_yield_10y': 0.021742337532354137, 'sp500_index': 0.003351037059799565, 'crypto_index': 0.0, 'retaliation_index': 0.0, 'tariff_index_total_lag1': 0.07292379218568372, 'tariff_index_total_lag2': 0.0, 'retaliation_index_lag1': 0.0, 'retaliation_index_lag2': 0.012360553328427766, 'gdp_growth_lag1': 0.2099589041609606, 'gdp_growth_lag2': 0.022974024198337804, 'tariff_retaliation_interaction': 0.0024077260899194957}"
