us_tariff,japan_relocation,us_payoff,japan_payoff
0.0,0.0,11.206896551724155,100.0
0.1,0.5,13.495575221238942,85.0
0.25,1.0,15.909090909090917,70.0
0.0,0.0,11.206896551724155,100.0
0.1,0.5,13.495575221238942,85.0
0.25,1.0,15.909090909090917,70.0
0.0,0.0,11.206896551724155,100.0
0.1,0.5,13.495575221238942,85.0
0.25,1.0,15.909090909090917,70.0
